date,year,type,magnitude,duration_s
2001-06-21,2001,T,1.0495,297
2001-12-14,2001,A,0.9681,233
2002-06-10,2002,A,0.9962,23
2002-12-04,2002,T,1.0244,124
2003-05-31,2003,A,0.9384,217
2003-11-23,2003,T,1.0379,117
2004-04-19,2004,P,0.7367,
2004-10-14,2004,P,0.9282,
2005-04-08,2005,H,1.0074,42
2005-10-03,2005,A,0.9576,272
2006-03-29,2006,T,1.0515,247
2006-09-22,2006,A,0.9352,429
2007-03-19,2007,P,0.8756,
2007-09-11,2007,P,0.7507,
2008-02-07,2008,A,0.965,132
2008-08-01,2008,T,1.0394,147
2009-01-26,2009,A,0.9282,474
2009-07-22,2009,T,1.0799,399
2010-01-15,2010,A,0.919,668
2010-07-11,2010,T,1.058,320
2011-01-04,2011,P,0.8576,
2011-06-01,2011,P,0.601,
2011-07-01,2011,P,0.0971,
2011-11-25,2011,P,0.9047,
2012-05-20,2012,A,0.9439,346
2012-11-13,2012,T,1.05,242
2013-05-10,2013,A,0.9544,363
2013-11-03,2013,H,1.0159,100
2014-04-29,2014,A,0.9868,
2014-10-23,2014,P,0.8114,
2015-03-20,2015,T,1.0445,167
2015-09-13,2015,P,0.7875,
2016-03-09,2016,T,1.045,249
2016-09-01,2016,A,0.9736,186
2017-02-26,2017,A,0.9922,44
2017-08-21,2017,T,1.0306,160
2018-02-15,2018,P,0.5991,
2018-07-13,2018,P,0.3365,
2018-08-11,2018,P,0.7368,
2019-01-06,2019,P,0.7145,
2019-07-02,2019,T,1.0459,273
2019-12-26,2019,A,0.9701,220
2020-06-21,2020,A,0.994,38
2020-12-14,2020,T,1.0254,130
2021-06-10,2021,A,0.9435,231
2021-12-04,2021,T,1.0367,114
2022-04-30,2022,P,0.6396,
2022-10-25,2022,P,0.8619,
2023-04-20,2023,H,1.0132,76
2023-10-14,2023,A,0.952,317
2024-04-08,2024,T,1.0566,268
2024-10-02,2024,A,0.9326,445
2025-03-29,2025,P,0.9376,
2025-09-21,2025,P,0.855,
2026-02-17,2026,A,0.963,140
2026-08-12,2026,T,1.0386,138
2027-02-06,2027,A,0.9281,471
2027-08-02,2027,T,1.079,383
2028-01-26,2028,A,0.9208,627
2028-07-22,2028,T,1.056,310
2029-01-14,2029,P,0.8714,
2029-06-12,2029,P,0.4576,
2029-07-11,2029,P,0.2303,
2029-12-05,2029,P,0.8911,
2030-06-01,2030,A,0.9443,321
2030-11-25,2030,T,1.0468,224
2031-05-21,2031,A,0.9589,326
2031-11-14,2031,H,1.0106,68
2032-05-09,2032,A,0.9957,22
2032-11-03,2032,P,0.8554,
2033-03-30,2033,T,1.0462,157
2033-09-23,2033,P,0.689,
2034-03-20,2034,T,1.0458,249
2034-09-12,2034,A,0.9736,178
2035-03-09,2035,A,0.9919,48
2035-09-02,2035,T,1.032,174
2036-02-27,2036,P,0.6286,
2036-07-23,2036,P,0.1991,
2036-08-21,2036,P,0.8622,
2037-01-16,2037,P,0.7049,
2037-07-13,2037,T,1.0413,238
2038-01-05,2038,A,0.9728,198
2038-07-02,2038,A,0.9911,60
2038-12-26,2038,T,1.0268,138
2039-06-21,2039,A,0.9454,245
2039-12-15,2039,T,1.0356,111
2040-05-11,2040,P,0.5306,
2040-11-04,2040,P,0.8074,
2041-04-30,2041,T,1.0189,111
2041-10-25,2041,A,0.9467,367
2042-04-20,2042,T,1.0614,291
2042-10-14,2042,A,0.93,464
2043-04-09,2043,T,1.0095,
2043-10-03,2043,A,0.9497,
2044-02-28,2044,A,0.96,147
2044-08-23,2044,T,1.0364,124
2045-02-16,2045,A,0.9285,467
2045-08-12,2045,T,1.0774,366
2046-02-05,2046,A,0.9232,582
2046-08-02,2046,T,1.0531,291
2047-01-26,2047,P,0.8907,
2047-06-23,2047,P,0.3129,
2047-07-22,2047,P,0.3604,
2047-12-16,2047,P,0.8816,
2048-06-11,2048,A,0.9441,298
2048-12-05,2048,T,1.044,208
2049-05-31,2049,A,0.9631,285
2049-11-25,2049,H,1.0057,38
2050-05-20,2050,H,1.0038,21
2050-11-14,2050,P,0.8874,
2051-04-11,2051,P,0.9849,
2051-10-04,2051,P,0.6024,
2052-03-30,2052,T,1.0466,248
2052-09-22,2052,A,0.9734,171
2053-03-20,2053,A,0.9919,50
2053-09-12,2053,T,1.0328,184
2054-03-09,2054,P,0.6678,
2054-08-03,2054,P,0.0655,
2054-09-02,2054,P,0.9793,
2055-01-27,2055,P,0.6932,
2055-07-24,2055,T,1.0359,197
2056-01-16,2056,A,0.9759,172
2056-07-12,2056,A,0.9878,86
2057-01-05,2057,T,1.0287,149
2057-07-01,2057,A,0.9464,262
2057-12-26,2057,T,1.0348,110
2058-05-22,2058,P,0.4141,
2058-06-21,2058,P,0.126,
2058-11-16,2058,P,0.7644,
2059-05-11,2059,T,1.0242,143
2059-11-05,2059,A,0.9417,420
2060-04-30,2060,T,1.066,315
2060-10-24,2060,A,0.9277,486
2061-04-20,2061,T,1.0475,157
2061-10-13,2061,A,0.9469,221
2062-03-11,2062,P,0.9331,
2062-09-03,2062,P,0.9749,
2063-02-28,2063,A,0.9293,461
2063-08-24,2063,T,1.075,349
2064-02-17,2064,A,0.9262,536
2064-08-12,2064,T,1.0495,268
2065-02-05,2065,P,0.9123,
2065-07-03,2065,P,0.1638,
2065-08-02,2065,P,0.4903,
2065-12-27,2065,P,0.8769,
2066-06-22,2066,A,0.9435,280
2066-12-17,2066,T,1.0416,194
2067-06-11,2067,A,0.967,245
2067-12-06,2067,H,1.0011,8
2068-05-31,2068,T,1.011,66
2068-11-24,2068,P,0.9109,
2069-04-21,2069,P,0.8992,
2069-05-20,2069,P,0.0879,
2069-10-15,2069,P,0.5298,
2070-04-11,2070,T,1.0472,244
2070-10-04,2070,A,0.9731,164
2071-03-31,2071,A,0.9919,52
2071-09-23,2071,T,1.0333,191
2072-03-19,2072,P,0.7199,
2072-09-12,2072,T,1.0558,193
2073-02-07,2073,P,0.6768,
2073-08-03,2073,T,1.0294,149
2074-01-27,2074,A,0.9798,141
2074-07-24,2074,A,0.9838,117
2075-01-16,2075,T,1.0311,162
2075-07-13,2075,A,0.9467,285
2076-01-06,2076,T,1.0342,109
2076-06-01,2076,P,0.2897,
2076-07-01,2076,P,0.2746,
2076-11-26,2076,P,0.7315,
2077-05-22,2077,T,1.029,174
2077-11-15,2077,A,0.9371,474
2078-05-11,2078,T,1.0701,340
2078-11-04,2078,A,0.9255,509
2079-05-01,2079,T,1.0512,175
2079-10-24,2079,A,0.9484,219
2080-03-21,2080,P,0.8734,
2080-09-13,2080,P,0.8743,
2081-03-10,2081,A,0.9304,456
2081-09-03,2081,T,1.072,333
2082-02-27,2082,A,0.9298,492
2082-08-24,2082,T,1.0452,241
2083-02-16,2083,P,0.9433,
2083-07-15,2083,P,0.0168,
2083-08-13,2083,P,0.6146,
2084-01-07,2084,P,0.8723,
2084-07-03,2084,A,0.9421,265
2084-12-27,2084,T,1.0396,184
2085-06-22,2085,A,0.9704,209
2085-12-16,2085,A,0.9971,19
2086-06-11,2086,T,1.0174,108
2086-12-06,2086,P,0.9271,
2087-05-02,2087,P,0.8011,
2087-06-01,2087,P,0.2146,
2087-10-26,2087,P,0.4696,
2088-04-21,2088,T,1.0474,238
2088-10-14,2088,A,0.9727,158
2089-04-10,2089,A,0.9919,53
2089-10-04,2089,T,1.0333,194
2090-03-31,2090,P,0.7843,
2090-09-23,2090,T,1.0562,216
2091-02-18,2091,P,0.6558,
2091-08-15,2091,T,1.0216,98
2092-02-07,2092,A,0.984,108
2092-08-03,2092,A,0.9794,151
2093-01-27,2093,T,1.034,178
2093-07-23,2093,A,0.9463,311
2094-01-16,2094,T,1.0342,111
2094-06-13,2094,P,0.1618,
2094-07-12,2094,P,0.4224,
2094-12-07,2094,P,0.7046,
2095-06-02,2095,T,1.0332,198
2095-11-27,2095,A,0.933,527
2096-05-22,2096,T,1.0737,366
2096-11-15,2096,A,0.9237,533
2097-05-11,2097,T,1.0538,190
2097-11-04,2097,A,0.9494,216
2098-04-01,2098,P,0.7984,
2098-09-25,2098,P,0.7871,
2098-10-24,2098,P,0.0056,
2099-03-21,2099,A,0.9318,452
2099-09-14,2099,T,1.0684,318
2100-03-10,2100,A,0.9338,449
2100-09-04,2100,T,1.0402,212
