century_start,century_end,all_eclipses,partial,annular,total,hybrid,annular_noncentral,total_noncentral,period
-1999,-1900,239,84,71,62,22,1,0,past
-1899,-1800,253,93,80,63,17,0,1,past
-1799,-1700,254,95,74,64,21,1,1,past
-1699,-1600,230,75,71,60,24,1,0,past
-1599,-1500,225,78,67,59,21,2,0,past
-1499,-1400,226,77,69,62,18,4,1,past
-1399,-1300,234,76,84,68,6,1,0,past
-1299,-1200,250,93,86,64,7,0,0,past
-1199,-1100,252,93,89,63,7,0,0,past
-1099,-1000,238,79,91,68,0,2,1,past
-999,-900,226,84,75,61,6,1,3,past
-899,-800,225,80,75,66,4,2,2,past
-799,-700,234,79,88,64,3,0,0,past
-699,-600,253,96,87,63,7,1,0,past
-599,-500,255,96,86,65,8,1,0,past
-499,-400,241,84,78,62,17,2,0,past
-399,-300,225,83,63,56,23,1,0,past
-299,-200,226,83,62,57,24,1,2,past
-199,-100,237,80,73,63,21,2,1,past
-99,0,251,92,77,65,17,0,1,past
1,100,248,90,75,58,25,1,0,past
101,200,237,80,77,64,16,2,1,past
201,300,227,79,74,69,5,4,0,past
301,400,222,73,76,66,7,2,1,past
401,500,233,80,84,67,2,1,0,past
501,600,251,93,87,65,6,1,0,past
601,700,251,90,90,67,4,1,0,past
701,800,233,77,88,66,2,2,0,past
801,900,222,78,74,64,6,2,2,past
901,1000,227,76,84,66,1,1,1,past
1001,1100,241,84,90,61,6,0,0,past
1101,1200,250,92,82,61,15,0,0,past
1201,1300,246,87,81,60,18,1,0,past
1301,1400,229,76,75,54,24,3,0,past
1401,1500,222,77,65,61,19,3,1,past
1501,1600,228,75,72,62,19,3,0,past
1601,1700,248,89,74,61,24,0,1,past
1701,1800,251,92,78,62,19,0,0,past
1801,1900,242,87,77,63,15,0,0,past
1901,2000,228,78,73,71,6,2,3,past
2001,2100,224,77,72,68,7,2,1,present_century
2101,2200,235,79,87,65,4,5,0,future
2201,2300,248,92,86,67,3,0,0,future
2301,2400,248,88,86,66,8,0,0,future
2401,2500,237,81,89,66,1,2,1,future
2501,2600,225,83,72,64,6,1,1,future
2601,2700,227,77,81,64,5,3,0,future
2701,2800,242,84,92,63,3,0,0,future
2801,2900,254,95,87,63,9,1,0,future
2901,3000,248,91,82,64,11,2,0,future
